Herbivore_species;Site;Season;Body_weight;CN;CP;NP;feces_ID;unit;component_name;component_mean
CO;ZW;S;900;18.42324363;65.61027129;3.561276864;1;mg/g;C;467.7087228
CO;ZW;S;900;18.42324363;65.61027129;3.561276864;1;mg/g;N;25.38688258
CO;ZW;S;900;18.42324363;65.61027129;3.561276864;1;mg/g;P;7.128589984
CO;ZW;S;900;18.9734409;70.59778281;3.720873993;2;mg/g;C;492.5159517
CO;ZW;S;900;18.9734409;70.59778281;3.720873993;2;mg/g;N;25.95817776
CO;ZW;S;900;18.9734409;70.59778281;3.720873993;2;mg/g;P;6.976365717
CO;ZW;S;900;17.03533628;54.54616883;3.201942595;3;mg/g;C;416.5364938
CO;ZW;S;900;17.03533628;54.54616883;3.201942595;3;mg/g;N;24.45132207
CO;ZW;S;900;17.03533628;54.54616883;3.201942595;3;mg/g;P;7.636402385
CO;ZW;S;900;17.75302195;42.82911225;2.412497004;4;mg/g;C;418.8033662
CO;ZW;S;900;17.75302195;42.82911225;2.412497004;4;mg/g;N;23.59053954
CO;ZW;S;900;17.75302195;42.82911225;2.412497004;4;mg/g;P;9.778474131
CO;ZW;S;900;16.44975306;37.78202797;2.296814295;5;mg/g;C;460.9785554
CO;ZW;S;900;16.44975306;37.78202797;2.296814295;5;mg/g;N;28.02343317
CO;ZW;S;900;16.44975306;37.78202797;2.296814295;5;mg/g;P;12.20100085
CO;ZW;S;900;17.01178282;58.78438099;3.455509726;6;mg/g;C;484.3625191
CO;ZW;S;900;17.01178282;58.78438099;3.455509726;6;mg/g;N;28.47217862
CO;ZW;S;900;17.01178282;58.78438099;3.455509726;6;mg/g;P;8.239646501
DH;K;S;56;13.17076772;153.2477378;11.63544457;7;mg/g;C;475.3475162
DH;K;S;56;13.17076772;153.2477378;11.63544457;7;mg/g;N;36.09110162
DH;K;S;56;13.17076772;153.2477378;11.63544457;7;mg/g;P;3.101824034
DH;K;S;56;14.51075184;193.7005015;13.34875709;8;mg/g;C;445.1472515
DH;K;S;56;14.51075184;193.7005015;13.34875709;8;mg/g;N;30.67706321
DH;K;S;56;14.51075184;193.7005015;13.34875709;8;mg/g;P;2.298121316
DH;K;S;56;14.31229694;184.2228397;12.8716474;9;mg/g;C;410.6587086
DH;K;S;56;14.31229694;184.2228397;12.8716474;9;mg/g;N;28.69271861
DH;K;S;56;14.31229694;184.2228397;12.8716474;9;mg/g;P;2.229141128
DH;K;S;56;12.7872119;207.4598975;16.22401342;10;mg/g;C;482.1043154
DH;K;S;56;12.7872119;207.4598975;16.22401342;10;mg/g;N;37.70206666
DH;K;S;56;12.7872119;207.4598975;16.22401342;10;mg/g;P;2.323843409
DH;K;S;56;11.76569687;120.9590332;10.28065184;11;mg/g;C;467.6162337
DH;K;S;56;11.76569687;120.9590332;10.28065184;11;mg/g;N;39.74403205
DH;K;S;56;11.76569687;120.9590332;10.28065184;11;mg/g;P;3.865905846
DH;K;S;56;12.19988706;173.7501569;14.24194798;12;mg/g;C;459.8625959
DH;K;S;56;12.19988706;173.7501569;14.24194798;12;mg/g;N;37.69400435
DH;K;S;56;12.19988706;173.7501569;14.24194798;12;mg/g;P;2.646688809
DH;K;W;56;21.06259711;146.5860608;6.959543498;13;mg/g;C;451.0196662
DH;K;W;56;21.06259711;146.5860608;6.959543498;13;mg/g;N;21.41329789
DH;K;W;56;21.06259711;146.5860608;6.959543498;13;mg/g;P;3.076825067
DH;K;W;56;20.8649845;77.90667881;3.733847911;14;mg/g;C;453.9216831
DH;K;W;56;20.8649845;77.90667881;3.733847911;14;mg/g;N;21.75518908
DH;K;W;56;20.8649845;77.90667881;3.733847911;14;mg/g;P;5.826479707
DH;K;W;56;20.37899712;222.7205544;10.92892614;15;mg/g;C;449.5686448
DH;K;W;56;20.37899712;222.7205544;10.92892614;15;mg/g;N;22.06039101
DH;K;W;56;20.37899712;222.7205544;10.92892614;15;mg/g;P;2.018532353
DH;K;W;56;19.84099948;289.461321;14.58904937;16;mg/g;C;458.5320267
DH;K;W;56;19.84099948;289.461321;14.58904937;16;mg/g;N;23.11032906
DH;K;W;56;19.84099948;289.461321;14.58904937;16;mg/g;P;1.584087384
DH;K;W;56;20.94925186;276.5671255;13.20176622;17;mg/g;C;377.6534094
DH;K;W;56;20.94925186;276.5671255;13.20176622;17;mg/g;N;18.02705948
DH;K;W;56;20.94925186;276.5671255;13.20176622;17;mg/g;P;1.365503614
DH;K;W;56;22.05320026;230.367101;10.44597148;18;mg/g;C;441.3691764
DH;K;W;56;22.05320026;230.367101;10.44597148;18;mg/g;N;20.01383795
DH;K;W;56;22.05320026;230.367101;10.44597148;18;mg/g;P;1.915938406
DH;K;W;56;18.50316182;276.2862159;14.93183806;19;mg/g;C;365.4221716
DH;K;W;56;18.50316182;276.2862159;14.93183806;19;mg/g;N;19.7491745
DH;K;W;56;18.50316182;276.2862159;14.93183806;19;mg/g;P;1.322621798
DH;K;W;56;21.04048224;160.5110426;7.628676984;20;mg/g;C;432.5558612
DH;K;W;56;21.04048224;160.5110426;7.628676984;20;mg/g;N;20.55826745
DH;K;W;56;21.04048224;160.5110426;7.628676984;20;mg/g;P;2.694866684
DH;K;W;56;22.18806796;138.1077765;6.224416511;21;mg/g;C;444.5606997
DH;K;W;56;22.18806796;138.1077765;6.224416511;21;mg/g;N;20.03602569
DH;K;W;56;22.18806796;138.1077765;6.224416511;21;mg/g;P;3.218940387
DH;K;W;56;17.58443116;82.06188056;4.666735011;22;mg/g;C;384.0098003
DH;K;W;56;17.58443116;82.06188056;4.666735011;22;mg/g;N;21.83805645
DH;K;W;56;17.58443116;82.06188056;4.666735011;22;mg/g;P;4.679514991
DH;K;W;56;31.64539229;149.7472512;4.732039656;23;mg/g;C;451.0926172
DH;K;W;56;31.64539229;149.7472512;4.732039656;23;mg/g;N;14.25460658
DH;K;W;56;31.64539229;149.7472512;4.732039656;23;mg/g;P;3.012359916
DH;K;W;56;33.92081597;193.362219;5.70039999;24;mg/g;C;474.6786692
DH;K;W;56;33.92081597;193.362219;5.70039999;24;mg/g;N;13.99372791
DH;K;W;56;33.92081597;193.362219;5.70039999;24;mg/g;P;2.454867717
EB;K;S;500;18.70215209;106.5644762;5.697979336;25;mg/g;C;426.3487865
EB;K;S;500;18.70215209;106.5644762;5.697979336;25;mg/g;N;22.79677678
EB;K;S;500;18.70215209;106.5644762;5.697979336;25;mg/g;P;4.000852834
EB;K;S;500;18.95901825;152.8323666;8.061196239;26;mg/g;C;449.1790158
EB;K;S;500;18.95901825;152.8323666;8.061196239;26;mg/g;N;23.69210315
EB;K;S;500;18.95901825;152.8323666;8.061196239;26;mg/g;P;2.93903069
EB;K;S;500;21.39441113;107.1536198;5.008486523;27;mg/g;C;301.909322
EB;K;S;500;21.39441113;107.1536198;5.008486523;27;mg/g;N;14.11159766
EB;K;S;500;21.39441113;107.1536198;5.008486523;27;mg/g;P;2.817537312
EB;K;S;500;17.2383782;131.1594797;7.608574207;28;mg/g;C;459.6610118
EB;K;S;500;17.2383782;131.1594797;7.608574207;28;mg/g;N;26.66498011
EB;K;S;500;17.2383782;131.1594797;7.608574207;28;mg/g;P;3.504596181
EB;K;S;500;30.52943718;105.2950637;3.448968385;29;mg/g;C;433.2706776
EB;K;S;500;30.52943718;105.2950637;3.448968385;29;mg/g;N;14.19189863
EB;K;S;500;30.52943718;105.2950637;3.448968385;29;mg/g;P;4.114824214
EB;K;W;500;40.9421058;189.7765511;4.635241577;30;mg/g;C;435.0287508
EB;K;W;500;40.9421058;189.7765511;4.635241577;30;mg/g;N;10.62546106
EB;K;W;500;40.9421058;189.7765511;4.635241577;30;mg/g;P;2.292320881
EB;K;W;500;42.35813418;270.0044677;6.374323915;31;mg/g;C;457.8229878
EB;K;W;500;42.35813418;270.0044677;6.374323915;31;mg/g;N;10.80838419
EB;K;W;500;42.35813418;270.0044677;6.374323915;31;mg/g;P;1.695612638
EB;K;W;500;36.38221819;252.8064007;6.948625272;32;mg/g;C;491.6305482
EB;K;W;500;36.38221819;252.8064007;6.948625272;32;mg/g;N;13.51293496
EB;K;W;500;36.38221819;252.8064007;6.948625272;32;mg/g;P;1.944691854
EB;K;W;500;39.02601293;118.0529624;3.02498138;33;mg/g;C;396.3075344
EB;K;W;500;39.02601293;118.0529624;3.02498138;33;mg/g;N;10.15495831
EB;K;W;500;39.02601293;118.0529624;3.02498138;33;mg/g;P;3.357031676
EB;K;W;500;42.09826338;234.1148287;5.561151693;34;mg/g;C;434.4161548
EB;K;W;500;42.09826338;234.1148287;5.561151693;34;mg/g;N;10.31909917
EB;K;W;500;42.09826338;234.1148287;5.561151693;34;mg/g;P;1.855568728
EB;K;W;500;37.72931162;281.7142136;7.46672021;35;mg/g;C;457.2075274
EB;K;W;500;37.72931162;281.7142136;7.46672021;35;mg/g;N;12.11809884
EB;K;W;500;37.72931162;281.7142136;7.46672021;35;mg/g;P;1.622948028
EH;O;S;167;14.63835484;66.59029453;4.549028581;36;mg/g;C;366.4738762
EH;O;S;167;14.63835484;66.59029453;4.549028581;36;mg/g;N;25.03518191
EH;O;S;167;14.63835484;66.59029453;4.549028581;36;mg/g;P;5.503412754
EH;O;S;167;12.93429089;36.47744774;2.820212415;37;mg/g;C;326.4468556
EH;O;S;167;12.93429089;36.47744774;2.820212415;37;mg/g;N;25.23886763
EH;O;S;167;12.93429089;36.47744774;2.820212415;37;mg/g;P;8.949278959
EH;O;S;167;14.65414091;73.19603488;4.994904533;38;mg/g;C;365.844778
EH;O;S;167;14.65414091;73.19603488;4.994904533;38;mg/g;N;24.9652832
EH;O;S;167;14.65414091;73.19603488;4.994904533;38;mg/g;P;4.998150222
EH;O;S;167;13.61442988;384.6836979;28.25558625;39;mg/g;C;389.8284884
EH;O;S;167;13.61442988;384.6836979;28.25558625;39;mg/g;N;28.63347873
EH;O;S;167;13.61442988;384.6836979;28.25558625;39;mg/g;P;1.01337408
EH;O;S;167;12.12230037;51.22404134;4.225604034;40;mg/g;C;307.044676
EH;O;S;167;12.12230037;51.22404134;4.225604034;40;mg/g;N;25.32891173
EH;O;S;167;12.12230037;51.22404134;4.225604034;40;mg/g;P;5.99415173
EH;O;W;167;20.96631376;123.7889311;5.904181943;41;mg/g;C;359.667021
EH;O;W;167;20.96631376;123.7889311;5.904181943;41;mg/g;N;17.15451868
EH;O;W;167;20.96631376;123.7889311;5.904181943;41;mg/g;P;2.905486119
EH;O;W;167;20.07631822;141.1436146;7.03035353;42;mg/g;C;300.539517
EH;O;W;167;20.07631822;141.1436146;7.03035353;42;mg/g;N;14.96985223
EH;O;W;167;20.07631822;141.1436146;7.03035353;42;mg/g;P;2.129317134
EH;O;W;167;23.86439026;210.8317587;8.834575549;43;mg/g;C;437.439095
EH;O;W;167;23.86439026;210.8317587;8.834575549;43;mg/g;N;18.33020204
EH;O;W;167;23.86439026;210.8317587;8.834575549;43;mg/g;P;2.074825433
EH;O;W;167;24.12114191;184.164139;7.634967686;44;mg/g;C;442.6086398
EH;O;W;167;24.12114191;184.164139;7.634967686;44;mg/g;N;18.34940657
EH;O;W;167;24.12114191;184.164139;7.634967686;44;mg/g;P;2.403337817
EH;O;W;167;22.12273505;115.9832966;5.242719599;45;mg/g;C;323.9853815
EH;O;W;167;22.12273505;115.9832966;5.242719599;45;mg/g;N;14.64490628
EH;O;W;167;22.12273505;115.9832966;5.242719599;45;mg/g;P;2.793379658
EH;O;W;167;16.23251278;76.47051133;4.710947244;46;mg/g;C;279.2067826
EH;O;W;167;16.23251278;76.47051133;4.710947244;46;mg/g;N;17.2004659
EH;O;W;167;16.23251278;76.47051133;4.710947244;46;mg/g;P;3.65116929
EH;O;W;167;17.12830624;32.19684347;1.879744735;47;mg/g;C;147.6182184
EH;O;W;167;17.12830624;32.19684347;1.879744735;47;mg/g;N;8.618378043
EH;O;W;167;17.12830624;32.19684347;1.879744735;47;mg/g;P;4.58486617
EH;O;W;167;15.98517788;117.1245601;7.327072679;48;mg/g;C;299.4904069
EH;O;W;167;15.98517788;117.1245601;7.327072679;48;mg/g;N;18.73550668
EH;O;W;167;15.98517788;117.1245601;7.327072679;48;mg/g;P;2.557024818
EH;O;W;167;16.14186841;64.36604806;3.987521546;49;mg/g;C;274.3166642
EH;O;W;167;16.14186841;64.36604806;3.987521546;49;mg/g;N;16.99410857
EH;O;W;167;16.14186841;64.36604806;3.987521546;49;mg/g;P;4.261822381
EH;O;W;167;16.61416287;62.6407758;3.770323928;50;mg/g;C;287.5518356
EH;O;W;167;16.61416287;62.6407758;3.770323928;50;mg/g;N;17.30763312
EH;O;W;167;16.61416287;62.6407758;3.770323928;50;mg/g;P;4.590489691
EZ;ZW;S;117;24.79411397;39.53520829;1.594540073;51;mg/g;C;532.6596502
EZ;ZW;S;117;24.79411397;39.53520829;1.594540073;51;mg/g;N;21.48331055
EZ;ZW;S;117;24.79411397;39.53520829;1.594540073;51;mg/g;P;13.47304525
EZ;ZW;S;117;24.28681123;200.8649235;8.27053505;52;mg/g;C;530.4872225
EZ;ZW;S;117;24.28681123;200.8649235;8.27053505;52;mg/g;N;21.84260492
EZ;ZW;S;117;24.28681123;200.8649235;8.27053505;52;mg/g;P;2.641014734
EZ;ZW;S;117;22.87011883;60.00713598;2.623822658;53;mg/g;C;524.6510208
EZ;ZW;S;117;22.87011883;60.00713598;2.623822658;53;mg/g;N;22.94045889
EZ;ZW;S;117;22.87011883;60.00713598;2.623822658;53;mg/g;P;8.743143832
EZ;ZW;S;117;21.89877031;83.20785238;3.799658666;54;mg/g;C;515.3057216
EZ;ZW;S;117;21.89877031;83.20785238;3.799658666;54;mg/g;N;23.53126291
EZ;ZW;S;117;21.89877031;83.20785238;3.799658666;54;mg/g;P;6.192993892
EZ;ZW;S;117;23.26339304;62.32717432;2.679195344;55;mg/g;C;499.7450019
EZ;ZW;S;117;23.26339304;62.32717432;2.679195344;55;mg/g;N;21.48203407
EZ;ZW;S;117;23.26339304;62.32717432;2.679195344;55;mg/g;P;8.018091746
EZ;ZW;W;117;17.20167678;53.24430812;3.095297558;56;mg/g;C;393.8016829
EZ;ZW;W;117;17.20167678;53.24430812;3.095297558;56;mg/g;N;22.89321489
EZ;ZW;W;117;17.20167678;53.24430812;3.095297558;56;mg/g;P;7.396127339
EZ;ZW;W;117;18.52058835;106.8482622;5.769161337;57;mg/g;C;411.0090518
EZ;ZW;W;117;18.52058835;106.8482622;5.769161337;57;mg/g;N;22.19200838
EZ;ZW;W;117;18.52058835;106.8482622;5.769161337;57;mg/g;P;3.846661081
EZ;ZW;W;117;16.17064644;28.81543328;1.781959267;58;mg/g;C;445.7979328
EZ;ZW;W;117;16.17064644;28.81543328;1.781959267;58;mg/g;N;27.56834332
EZ;ZW;W;117;16.17064644;28.81543328;1.781959267;58;mg/g;P;15.47080443
EZ;ZW;W;117;14.61049739;34.01963284;2.328437693;59;mg/g;C;339.093317
EZ;ZW;W;117;14.61049739;34.01963284;2.328437693;59;mg/g;N;23.20888249
EZ;ZW;W;117;14.61049739;34.01963284;2.328437693;59;mg/g;P;9.967577211
EZ;ZW;W;117;14.32550189;34.63352606;2.417613451;60;mg/g;C;424.1495992
EZ;ZW;W;117;14.32550189;34.63352606;2.417613451;60;mg/g;N;29.60800972
EZ;ZW;W;117;14.32550189;34.63352606;2.417613451;60;mg/g;P;12.24679227
G;K;S;5;18.41876406;343.1106461;18.62832082;61;mg/g;C;452.6503445
G;K;S;5;18.41876406;343.1106461;18.62832082;61;mg/g;N;24.57550045
G;K;S;5;18.41876406;343.1106461;18.62832082;61;mg/g;P;1.319254735
G;K;S;5;25.51239841;142.5032997;5.585648882;62;mg/g;C;261.6218671
G;K;S;5;25.51239841;142.5032997;5.585648882;62;mg/g;N;10.25469511
G;K;S;5;25.51239841;142.5032997;5.585648882;62;mg/g;P;1.835900416
G;K;S;5;20.92756938;202.7387145;9.687637914;63;mg/g;C;352.6086635
G;K;S;5;20.92756938;202.7387145;9.687637914;63;mg/g;N;16.84900225
G;K;S;5;20.92756938;202.7387145;9.687637914;63;mg/g;P;1.739227085
G;K;S;5;19.89543412;120.0289221;6.032988342;64;mg/g;C;342.7286413
G;K;S;5;19.89543412;120.0289221;6.032988342;64;mg/g;N;17.22649726
G;K;S;5;19.89543412;120.0289221;6.032988342;64;mg/g;P;2.855383813
G;K;S;5;24.49261556;194.1617792;7.927359931;65;mg/g;C;383.8773319
G;K;S;5;24.49261556;194.1617792;7.927359931;65;mg/g;N;15.67318651
G;K;S;5;24.49261556;194.1617792;7.927359931;65;mg/g;P;1.977100403
HA;ZW;W;4;18.39671059;87.47738128;4.755055577;66;mg/g;C;487.0471229
HA;ZW;W;4;18.39671059;87.47738128;4.755055577;66;mg/g;N;26.47468527
HA;ZW;W;4;18.39671059;87.47738128;4.755055577;66;mg/g;P;5.567692079
HA;ZW;W;4;23.5086797;301.911544;12.84255636;67;mg/g;C;489.319448
HA;ZW;W;4;23.5086797;301.911544;12.84255636;67;mg/g;N;20.81441639
HA;ZW;W;4;23.5086797;301.911544;12.84255636;67;mg/g;P;1.620737788
HA;ZW;W;4;17.02490947;72.2212992;4.242095932;68;mg/g;C;478.3771501
HA;ZW;W;4;17.02490947;72.2212992;4.242095932;68;mg/g;N;28.09866043
HA;ZW;W;4;17.02490947;72.2212992;4.242095932;68;mg/g;P;6.62376827
HA;ZW;W;4;25.03221443;378.0770992;15.10362178;69;mg/g;C;495.3639145
HA;ZW;W;4;25.03221443;378.0770992;15.10362178;69;mg/g;N;19.78905685
HA;ZW;W;4;25.03221443;378.0770992;15.10362178;69;mg/g;P;1.310219306
HA;ZW;W;4;29.88427074;393.7264092;13.17503822;70;mg/g;C;509.2931923
HA;ZW;W;4;29.88427074;393.7264092;13.17503822;70;mg/g;N;17.04218238
HA;ZW;W;4;29.88427074;393.7264092;13.17503822;70;mg/g;P;1.293520527
HR;O;S;900;14.14133775;262.9850161;18.59689803;71;mg/g;C;251.6905602
HR;O;S;900;14.14133775;262.9850161;18.59689803;71;mg/g;N;17.79821433
HR;O;S;900;14.14133775;262.9850161;18.59689803;71;mg/g;P;0.957052854
HR;O;S;900;12.9872565;69.63902728;5.362104558;72;mg/g;C;268.9479492
HR;O;S;900;12.9872565;69.63902728;5.362104558;72;mg/g;N;20.70860379
HR;O;S;900;12.9872565;69.63902728;5.362104558;72;mg/g;P;3.862029091
HR;O;S;900;13.987372;48.99370165;3.502709562;73;mg/g;C;262.7307501
HR;O;S;900;13.987372;48.99370165;3.502709562;73;mg/g;N;18.7834248
HR;O;S;900;13.987372;48.99370165;3.502709562;73;mg/g;P;5.362541332
HR;O;S;900;15.15075153;45.76484521;3.020632021;74;mg/g;C;239.4757078
HR;O;S;900;15.15075153;45.76484521;3.020632021;74;mg/g;N;15.80619333
HR;O;S;900;15.15075153;45.76484521;3.020632021;74;mg/g;P;5.232743751
HR;O;S;900;17.59512898;76.8286238;4.366471192;75;mg/g;C;237.136507
HR;O;S;900;17.59512898;76.8286238;4.366471192;75;mg/g;N;13.47739521
HR;O;S;900;17.59512898;76.8286238;4.366471192;75;mg/g;P;3.086564555
HR;O;W;900;30.02599312;1164.315663;38.77692432;76;mg/g;C;382.8656045
HR;O;W;900;30.02599312;1164.315663;38.77692432;76;mg/g;N;12.75113875
HR;O;W;900;30.02599312;1164.315663;38.77692432;76;mg/g;P;0.328833165
HR;O;W;900;21.74703551;164.7396525;7.575269394;77;mg/g;C;322.021643
HR;O;W;900;21.74703551;164.7396525;7.575269394;77;mg/g;N;14.80761103
HR;O;W;900;21.74703551;164.7396525;7.575269394;77;mg/g;P;1.954730619
HR;O;W;900;27.58957898;100.0194777;3.625262922;78;mg/g;C;347.618533
HR;O;W;900;27.58957898;100.0194777;3.625262922;78;mg/g;N;12.59963167
HR;O;W;900;27.58957898;100.0194777;3.625262922;78;mg/g;P;3.47550838
HR;O;W;900;26.19591054;216.6286036;8.269558078;79;mg/g;C;346.7438813
HR;O;W;900;26.19591054;216.6286036;8.269558078;79;mg/g;N;13.23656533
HR;O;W;900;26.19591054;216.6286036;8.269558078;79;mg/g;P;1.600637568
HR;O;W;900;38.52600991;250.9662149;6.514202106;80;mg/g;C;401.5499796
HR;O;W;900;38.52600991;250.9662149;6.514202106;80;mg/g;N;10.42282812
HR;O;W;900;38.52600991;250.9662149;6.514202106;80;mg/g;P;1.600016081
KO;K;S;2;19.6047754;193.8327867;9.887018991;81;mg/g;C;405.5811465
KO;K;S;2;19.6047754;193.8327867;9.887018991;81;mg/g;N;20.68787518
KO;K;S;2;19.6047754;193.8327867;9.887018991;81;mg/g;P;2.092427981
KO;K;S;2;21.91612193;121.9129609;5.562706819;82;mg/g;C;484.3112374
KO;K;S;2;21.91612193;121.9129609;5.562706819;82;mg/g;N;22.09840039
KO;K;S;2;21.91612193;121.9129609;5.562706819;82;mg/g;P;3.972598433
KO;K;S;2;21.22840966;298.1840574;14.04646236;83;mg/g;C;452.6524833
KO;K;S;2;21.22840966;298.1840574;14.04646236;83;mg/g;N;21.3229578
KO;K;S;2;21.22840966;298.1840574;14.04646236;83;mg/g;P;1.518030465
KO;K;S;2;12.99106772;113.3081587;8.722005087;84;mg/g;C;364.2584042
KO;K;S;2;12.99106772;113.3081587;8.722005087;84;mg/g;N;28.0391429
KO;K;S;2;12.99106772;113.3081587;8.722005087;84;mg/g;P;3.214758834
KO;K;S;2;17.02520965;194.7494777;11.43888867;85;mg/g;C;368.8454208
KO;K;S;2;17.02520965;194.7494777;11.43888867;85;mg/g;N;21.66466249
KO;K;S;2;17.02520965;194.7494777;11.43888867;85;mg/g;P;1.89394819
KO;K;W;2;26.95709271;326.8707237;12.1255926;86;mg/g;C;440.921329
KO;K;W;2;26.95709271;326.8707237;12.1255926;86;mg/g;N;16.35641253
KO;K;W;2;26.95709271;326.8707237;12.1255926;86;mg/g;P;1.34891655
KO;K;W;2;23.45759123;588.4935826;25.08755382;87;mg/g;C;435.5863814
KO;K;W;2;23.45759123;588.4935826;25.08755382;87;mg/g;N;18.56910103
KO;K;W;2;23.45759123;588.4935826;25.08755382;87;mg/g;P;0.740171846
KO;K;W;2;28.57428052;448.504719;15.69609841;88;mg/g;C;446.0397281
KO;K;W;2;28.57428052;448.504719;15.69609841;88;mg/g;N;15.60983234
KO;K;W;2;28.57428052;448.504719;15.69609841;88;mg/g;P;0.99450398
KO;K;W;2;27.34355382;544.8361043;19.92557763;89;mg/g;C;448.0860633
KO;K;W;2;27.34355382;544.8361043;19.92557763;89;mg/g;N;16.38726503
KO;K;W;2;27.34355382;544.8361043;19.92557763;89;mg/g;P;0.822423587
KO;K;W;2;24.70841798;281.3707377;11.38764683;90;mg/g;C;453.512698
KO;K;W;2;24.70841798;281.3707377;11.38764683;90;mg/g;N;18.35458257
KO;K;W;2;24.70841798;281.3707377;11.38764683;90;mg/g;P;1.611797665
KO;K;W;2;28.88069586;689.7144528;23.88150397;91;mg/g;C;477.8254604
KO;K;W;2;28.88069586;689.7144528;23.88150397;91;mg/g;N;16.54480428
KO;K;W;2;28.88069586;689.7144528;23.88150397;91;mg/g;P;0.692787368
KO;K;W;2;27.77612157;708.4000284;25.50392165;92;mg/g;C;491.8517633
KO;K;W;2;27.77612157;708.4000284;25.50392165;92;mg/g;N;17.70771927
KO;K;W;2;27.77612157;708.4000284;25.50392165;92;mg/g;P;0.694313585
KO;K;W;2;26.7581853;346.9570375;12.96638892;93;mg/g;C;403.4433807
KO;K;W;2;26.7581853;346.9570375;12.96638892;93;mg/g;N;15.07738197
KO;K;W;2;26.7581853;346.9570375;12.96638892;93;mg/g;P;1.162805008
KO;K;W;2;26.15756342;294.1434157;11.24506174;94;mg/g;C;390.8042708
KO;K;W;2;26.15756342;294.1434157;11.24506174;94;mg/g;N;14.94039275
KO;K;W;2;26.15756342;294.1434157;11.24506174;94;mg/g;P;1.328618116
KO;K;W;2;23.35169769;387.0474935;16.5747047;95;mg/g;C;393.12023
KO;K;W;2;23.35169769;387.0474935;16.5747047;95;mg/g;N;16.83476016
KO;K;W;2;23.35169769;387.0474935;16.5747047;95;mg/g;P;1.0156899
KP;K;S;250;25.30499379;158.6268102;6.26859708;96;mg/g;C;476.0011701
KP;K;S;250;25.30499379;158.6268102;6.26859708;96;mg/g;N;18.81056261
KP;K;S;250;25.30499379;158.6268102;6.26859708;96;mg/g;P;3.000761155
KP;K;S;250;25.82684503;151.1598346;5.852818432;97;mg/g;C;471.0382068
KP;K;S;250;25.82684503;151.1598346;5.852818432;97;mg/g;N;18.23831778
KP;K;S;250;25.82684503;151.1598346;5.852818432;97;mg/g;P;3.116159845
KP;K;S;250;25.96514483;145.0572422;5.586614021;98;mg/g;C;469.1599569
KP;K;S;250;25.96514483;145.0572422;5.586614021;98;mg/g;N;18.06883651
KP;K;S;250;25.96514483;145.0572422;5.586614021;98;mg/g;P;3.23430909
KP;K;S;250;23.52168221;159.4985543;6.780916128;99;mg/g;C;469.1396617
KP;K;S;250;23.52168221;159.4985543;6.780916128;99;mg/g;N;19.94498767
KP;K;S;250;23.52168221;159.4985543;6.780916128;99;mg/g;P;2.941341154
KP;K;S;250;26.17464046;132.4967188;5.062026314;100;mg/g;C;447.4884082
KP;K;S;250;26.17464046;132.4967188;5.062026314;100;mg/g;N;17.09625807
KP;K;S;250;26.17464046;132.4967188;5.062026314;100;mg/g;P;3.377354642
KP;K;S;250;26.48873411;137.0602924;5.174286239;101;mg/g;C;427.5103704
KP;K;S;250;26.48873411;137.0602924;5.174286239;101;mg/g;N;16.13932809
KP;K;S;250;26.48873411;137.0602924;5.174286239;101;mg/g;P;3.119140948
KP;K;S;250;32.20319383;184.0023377;5.713791579;102;mg/g;C;447.6460553
KP;K;S;250;32.20319383;184.0023377;5.713791579;102;mg/g;N;13.90067264
KP;K;S;250;32.20319383;184.0023377;5.713791579;102;mg/g;P;2.432828087
KP;K;S;250;25.71722237;126.9919759;4.938012902;103;mg/g;C;390.5020552
KP;K;S;250;25.71722237;126.9919759;4.938012902;103;mg/g;N;15.18445692
KP;K;S;250;25.71722237;126.9919759;4.938012902;103;mg/g;P;3.075013618
KP;K;S;250;24.09512097;166.2359233;6.89915288;104;mg/g;C;485.8559362
KP;K;S;250;24.09512097;166.2359233;6.89915288;104;mg/g;N;20.16407956
KP;K;S;250;24.09512097;166.2359233;6.89915288;104;mg/g;P;2.922689192
KP;K;W;250;46.61000461;448.3927769;9.620097243;105;mg/g;C;481.4264731
KP;K;W;250;46.61000461;448.3927769;9.620097243;105;mg/g;N;10.32882269
KP;K;W;250;46.61000461;448.3927769;9.620097243;105;mg/g;P;1.073671339
KP;K;W;250;41.71535346;286.4490752;6.86675412;106;mg/g;C;464.0197258
KP;K;W;250;41.71535346;286.4490752;6.86675412;106;mg/g;N;11.12347583
KP;K;W;250;41.71535346;286.4490752;6.86675412;106;mg/g;P;1.619903033
KP;K;W;250;48.85289916;409.798287;8.388412848;107;mg/g;C;454.3376515
KP;K;W;250;48.85289916;409.798287;8.388412848;107;mg/g;N;9.300116457
KP;K;W;250;48.85289916;409.798287;8.388412848;107;mg/g;P;1.108686068
KP;K;W;250;41.64663627;323.7423138;7.773552506;108;mg/g;C;476.711602
KP;K;W;250;41.64663627;323.7423138;7.773552506;108;mg/g;N;11.44658116
KP;K;W;250;41.64663627;323.7423138;7.773552506;108;mg/g;P;1.472503228
KP;K;W;250;42.35007123;409.2950286;9.664565293;109;mg/g;C;486.9690299
KP;K;W;250;42.35007123;409.2950286;9.664565293;109;mg/g;N;11.49865905
KP;K;W;250;42.35007123;409.2950286;9.664565293;109;mg/g;P;1.189775091
KP;O;S;250;15.20234135;69.42861209;4.566968369;110;mg/g;C;220.9982831
KP;O;S;250;15.20234135;69.42861209;4.566968369;110;mg/g;N;14.53712149
KP;O;S;250;15.20234135;69.42861209;4.566968369;110;mg/g;P;3.183100979
KP;O;S;250;14.55541857;56.29602801;3.867702446;111;mg/g;C;257.7974046
KP;O;S;250;14.55541857;56.29602801;3.867702446;111;mg/g;N;17.71143876
KP;O;S;250;14.55541857;56.29602801;3.867702446;111;mg/g;P;4.579317826
KP;O;S;250;14.12956173;50.16347032;3.55024956;112;mg/g;C;238.8101461
KP;O;S;250;14.12956173;50.16347032;3.55024956;112;mg/g;N;16.9014546
KP;O;S;250;14.12956173;50.16347032;3.55024956;112;mg/g;P;4.760638459
KP;O;S;250;15.21173427;59.87045366;3.935807227;113;mg/g;C;227.611668
KP;O;S;250;15.21173427;59.87045366;3.935807227;113;mg/g;N;14.96290061
KP;O;S;250;15.21173427;59.87045366;3.935807227;113;mg/g;P;3.801736149
KP;O;S;250;13.06083584;51.58640248;3.949701466;114;mg/g;C;258.910407
KP;O;S;250;13.06083584;51.58640248;3.949701466;114;mg/g;N;19.82341789
KP;O;S;250;13.06083584;51.58640248;3.949701466;114;mg/g;P;5.018966133
KP;O;W;250;24.21345983;95.73486641;3.953787153;115;mg/g;C;275.4830287
KP;O;W;250;24.21345983;95.73486641;3.953787153;115;mg/g;N;11.37726829
KP;O;W;250;24.21345983;95.73486641;3.953787153;115;mg/g;P;2.877562157
KP;O;W;250;21.89844443;96.56952249;4.409880473;116;mg/g;C;298.3251503
KP;O;W;250;21.89844443;96.56952249;4.409880473;116;mg/g;N;13.62312064
KP;O;W;250;21.89844443;96.56952249;4.409880473;116;mg/g;P;3.089226731
KP;O;W;250;24.83108013;109.6222786;4.414720503;117;mg/g;C;295.9547851
KP;O;W;250;24.83108013;109.6222786;4.414720503;117;mg/g;N;11.91872377
KP;O;W;250;24.83108013;109.6222786;4.414720503;117;mg/g;P;2.699768596
KP;O;W;250;27.00823937;142.4892463;5.27576953;118;mg/g;C;355.5305469
KP;O;W;250;27.00823937;142.4892463;5.27576953;118;mg/g;N;13.16378095
KP;O;W;250;27.00823937;142.4892463;5.27576953;118;mg/g;P;2.495139501
KP;O;W;250;29.16087738;139.445561;4.78193983;119;mg/g;C;354.1784651
KP;O;W;250;29.16087738;139.445561;4.78193983;119;mg/g;N;12.14567245
KP;O;W;250;29.16087738;139.445561;4.78193983;119;mg/g;P;2.53990491
KP;ZW;S;250;21.49002797;76.79551212;3.573541748;120;mg/g;C;477.860934
KP;ZW;S;250;21.49002797;76.79551212;3.573541748;120;mg/g;N;22.23640354
KP;ZW;S;250;21.49002797;76.79551212;3.573541748;120;mg/g;P;6.222511197
KP;ZW;S;250;24.25090054;87.64302704;3.614011236;121;mg/g;C;527.5919197
KP;ZW;S;250;24.25090054;87.64302704;3.614011236;121;mg/g;N;21.75555991
KP;ZW;S;250;24.25090054;87.64302704;3.614011236;121;mg/g;P;6.019782035
KP;ZW;S;250;16.99125031;56.41969266;3.320514479;122;mg/g;C;457.0259931
KP;ZW;S;250;16.99125031;56.41969266;3.320514479;122;mg/g;N;26.89772588
KP;ZW;S;250;16.99125031;56.41969266;3.320514479;122;mg/g;P;8.100469384
KP;ZW;S;250;20.88032098;90.32567952;4.325876006;123;mg/g;C;452.6876272
KP;ZW;S;250;20.88032098;90.32567952;4.325876006;123;mg/g;N;21.68010864
KP;ZW;S;250;20.88032098;90.32567952;4.325876006;123;mg/g;P;5.011726783
KP;ZW;S;250;20.2281956;125.2396902;6.191342653;124;mg/g;C;462.8973132
KP;ZW;S;250;20.2281956;125.2396902;6.191342653;124;mg/g;N;22.88376692
KP;ZW;S;250;20.2281956;125.2396902;6.191342653;124;mg/g;P;3.696091171
KP;ZW;W;250;43.72110283;189.3058094;4.329849825;125;mg/g;C;433.4135007
KP;ZW;W;250;43.72110283;189.3058094;4.329849825;125;mg/g;N;9.913142
KP;ZW;W;250;43.72110283;189.3058094;4.329849825;125;mg/g;P;2.289488643
KP;ZW;W;250;42.46028328;155.0847598;3.652466442;126;mg/g;C;459.4895547
KP;ZW;W;250;42.46028328;155.0847598;3.652466442;126;mg/g;N;10.82163187
KP;ZW;W;250;42.46028328;155.0847598;3.652466442;126;mg/g;P;2.962828554
KP;ZW;W;250;46.33580853;212.5972247;4.588184203;127;mg/g;C;446.1236483
KP;ZW;W;250;46.33580853;212.5972247;4.588184203;127;mg/g;N;9.628053603
KP;ZW;W;250;46.33580853;212.5972247;4.588184203;127;mg/g;P;2.098445306
KP;ZW;W;250;41.03148531;141.6774848;3.452896811;128;mg/g;C;439.6203786
KP;ZW;W;250;41.03148531;141.6774848;3.452896811;128;mg/g;N;10.71422044
KP;ZW;W;250;41.03148531;141.6774848;3.452896811;128;mg/g;P;3.10296572
KP;ZW;W;250;38.31803376;145.6141464;3.800146618;129;mg/g;C;436.5973138
KP;ZW;W;250;38.31803376;145.6141464;3.800146618;129;mg/g;N;11.39404273
KP;ZW;W;250;38.31803376;145.6141464;3.800146618;129;mg/g;P;2.99831661
RE;ZW;S;23;11.536711;42.40671235;3.675806072;130;mg/g;C;488.7779164
RE;ZW;S;23;11.536711;42.40671235;3.675806072;130;mg/g;N;42.36718042
RE;ZW;S;23;11.536711;42.40671235;3.675806072;130;mg/g;P;11.52595637
RE;ZW;S;23;11.24858123;38.88271054;3.456676867;131;mg/g;C;453.8520503
RE;ZW;S;23;11.24858123;38.88271054;3.456676867;131;mg/g;N;40.34749279
RE;ZW;S;23;11.24858123;38.88271054;3.456676867;131;mg/g;P;11.6723357
RE;ZW;S;23;10.70551077;67.75667079;6.329139472;132;mg/g;C;498.8258218
RE;ZW;S;23;10.70551077;67.75667079;6.329139472;132;mg/g;N;46.59523796
RE;ZW;S;23;10.70551077;67.75667079;6.329139472;132;mg/g;P;7.36201788
RE;ZW;S;23;12.48833103;49.33396477;3.950404955;133;mg/g;C;491.7005012
RE;ZW;S;23;12.48833103;49.33396477;3.950404955;133;mg/g;N;39.3727953
RE;ZW;S;23;12.48833103;49.33396477;3.950404955;133;mg/g;P;9.966774483
RE;ZW;S;23;9.90453855;59.31043043;5.988207339;134;mg/g;C;493.4929286
RE;ZW;S;23;9.90453855;59.31043043;5.988207339;134;mg/g;N;49.82492886
RE;ZW;S;23;9.90453855;59.31043043;5.988207339;134;mg/g;P;8.320508299
RE;ZW;S;23;10.96543348;65.12578167;5.939188979;135;mg/g;C;534.7063246
RE;ZW;S;23;10.96543348;65.12578167;5.939188979;135;mg/g;N;48.76289895
RE;ZW;S;23;10.96543348;65.12578167;5.939188979;135;mg/g;P;8.210363253
RE;ZW;S;23;10.80079126;63.07924648;5.840243085;136;mg/g;C;496.1128661
RE;ZW;S;23;10.80079126;63.07924648;5.840243085;136;mg/g;N;45.9330112
RE;ZW;S;23;10.80079126;63.07924648;5.840243085;136;mg/g;P;7.864914274
RE;ZW;S;23;14.25771453;70.3432546;4.933697787;137;mg/g;C;520.7191114
RE;ZW;S;23;14.25771453;70.3432546;4.933697787;137;mg/g;N;36.52192015
RE;ZW;S;23;14.25771453;70.3432546;4.933697787;137;mg/g;P;7.402545054
RE;ZW;S;23;10.86521561;95.63402997;8.801852939;138;mg/g;C;498.4747958
RE;ZW;S;23;10.86521561;95.63402997;8.801852939;138;mg/g;N;45.87803994
RE;ZW;S;23;10.86521561;95.63402997;8.801852939;138;mg/g;P;5.212316118
RE;ZW;S;23;12.86318782;58.59821028;4.555496746;139;mg/g;C;493.8695856
RE;ZW;S;23;12.86318782;58.59821028;4.555496746;139;mg/g;N;38.39402738
RE;ZW;S;23;12.86318782;58.59821028;4.555496746;139;mg/g;P;8.428066032
RE;ZW;S;23;12.15876642;68.57083002;5.639620635;140;mg/g;C;488.0887105
RE;ZW;S;23;12.15876642;68.57083002;5.639620635;140;mg/g;N;40.14294653
RE;ZW;S;23;12.15876642;68.57083002;5.639620635;140;mg/g;P;7.118022493
RE;ZW;S;23;10.60469069;34.55618396;3.258575377;141;mg/g;C;415.4339028
RE;ZW;S;23;10.60469069;34.55618396;3.258575377;141;mg/g;N;39.17454218
RE;ZW;S;23;10.60469069;34.55618396;3.258575377;141;mg/g;P;12.02198435
RE;ZW;W;23;19.52174651;257.8189323;13.20675546;142;mg/g;C;484.7494119
RE;ZW;W;23;19.52174651;257.8189323;13.20675546;142;mg/g;N;24.83125225
RE;ZW;W;23;19.52174651;257.8189323;13.20675546;142;mg/g;P;1.880193233
RE;ZW;W;23;19.69320494;190.9430183;9.695883373;143;mg/g;C;503.1998487
RE;ZW;W;23;19.69320494;190.9430183;9.695883373;143;mg/g;N;25.55195309
RE;ZW;W;23;19.69320494;190.9430183;9.695883373;143;mg/g;P;2.635340392
RE;ZW;W;23;21.95016654;307.0969002;13.99064101;144;mg/g;C;500.3719348
RE;ZW;W;23;21.95016654;307.0969002;13.99064101;144;mg/g;N;22.79581496
RE;ZW;W;23;21.95016654;307.0969002;13.99064101;144;mg/g;P;1.629361724
RE;ZW;W;23;21.66436885;102.0142409;4.70884897;145;mg/g;C;510.4997182
RE;ZW;W;23;21.66436885;102.0142409;4.70884897;145;mg/g;N;23.56402449
RE;ZW;W;23;21.66436885;102.0142409;4.70884897;145;mg/g;P;5.004200526
RE;ZW;W;23;20.10273666;150.6799692;7.495495353;146;mg/g;C;507.4094713
RE;ZW;W;23;20.10273666;150.6799692;7.495495353;146;mg/g;N;25.24081571
RE;ZW;W;23;20.10273666;150.6799692;7.495495353;146;mg/g;P;3.36746466
RE;ZW;W;23;22.14861243;287.52267;12.98152067;147;mg/g;C;503.3410846
RE;ZW;W;23;22.14861243;287.52267;12.98152067;147;mg/g;N;22.7256261
RE;ZW;W;23;22.14861243;287.52267;12.98152067;147;mg/g;P;1.750613559
RE;ZW;W;23;21.82732202;170.5364531;7.812981041;148;mg/g;C;518.2020189
RE;ZW;W;23;21.82732202;170.5364531;7.812981041;148;mg/g;N;23.74098015
RE;ZW;W;23;21.82732202;170.5364531;7.812981041;148;mg/g;P;3.038658359
RE;ZW;W;23;21.14576401;176.3965199;8.341931734;149;mg/g;C;516.5616707
RE;ZW;W;23;21.14576401;176.3965199;8.341931734;149;mg/g;N;24.42861229
RE;ZW;W;23;21.14576401;176.3965199;8.341931734;149;mg/g;P;2.928411916
RE;ZW;W;23;24.16872784;169.2403981;7.002453715;150;mg/g;C;511.7354281
RE;ZW;W;23;24.16872784;169.2403981;7.002453715;150;mg/g;N;21.17345321
RE;ZW;W;23;24.16872784;169.2403981;7.002453715;150;mg/g;P;3.023719123
RE;ZW;W;23;24.17739858;105.0430889;4.344681193;151;mg/g;C;519.8959475
RE;ZW;W;23;24.17739858;105.0430889;4.344681193;151;mg/g;N;21.50338655
RE;ZW;W;23;24.17739858;105.0430889;4.344681193;151;mg/g;P;4.949358905
SC;ZW;S;50;16.50874294;139.1156733;8.426787785;152;mg/g;C;439.2171577
SC;ZW;S;50;16.50874294;139.1156733;8.426787785;152;mg/g;N;26.60512429
SC;ZW;S;50;16.50874294;139.1156733;8.426787785;152;mg/g;P;3.157208294
SC;ZW;S;50;11.00909126;148.0067516;13.44404803;153;mg/g;C;507.1231551
SC;ZW;S;50;11.00909126;148.0067516;13.44404803;153;mg/g;N;46.0640341
SC;ZW;S;50;11.00909126;148.0067516;13.44404803;153;mg/g;P;3.426351498
SC;ZW;S;50;10.43858593;121.608168;11.6498699;154;mg/g;C;430.2530289
SC;ZW;S;50;10.43858593;121.608168;11.6498699;154;mg/g;N;41.21755875
SC;ZW;S;50;10.43858593;121.608168;11.6498699;154;mg/g;P;3.538027386
SC;ZW;S;50;10.56948824;147.925026;13.99547666;155;mg/g;C;480.9322972
SC;ZW;S;50;10.56948824;147.925026;13.99547666;155;mg/g;N;45.50194732
SC;ZW;S;50;10.56948824;147.925026;13.99547666;155;mg/g;P;3.251189539
SC;ZW;S;50;11.49199616;190.9691564;16.61757921;156;mg/g;C;460.3879295
SC;ZW;S;50;11.49199616;190.9691564;16.61757921;156;mg/g;N;40.06161533
SC;ZW;S;50;11.49199616;190.9691564;16.61757921;156;mg/g;P;2.410797315
SC;ZW;W;50;28.64007568;281.2157377;9.818959309;157;mg/g;C;509.1735026
SC;ZW;W;50;28.64007568;281.2157377;9.818959309;157;mg/g;N;17.77835744
SC;ZW;W;50;28.64007568;281.2157377;9.818959309;157;mg/g;P;1.810615248
SC;ZW;W;50;27.91047787;143.3359877;5.135561935;158;mg/g;C;516.2440933
SC;ZW;W;50;27.91047787;143.3359877;5.135561935;158;mg/g;N;18.49642617
SC;ZW;W;50;27.91047787;143.3359877;5.135561935;158;mg/g;P;3.601636278
SC;ZW;W;50;29.71090991;233.180491;7.848312008;159;mg/g;C;527.4099946
SC;ZW;W;50;29.71090991;233.180491;7.848312008;159;mg/g;N;17.75139153
SC;ZW;W;50;29.71090991;233.180491;7.848312008;159;mg/g;P;2.261810121
SC;ZW;W;50;26.03877234;390.0018969;14.97773749;160;mg/g;C;508.732464
SC;ZW;W;50;26.03877234;390.0018969;14.97773749;160;mg/g;N;19.53749805
SC;ZW;W;50;26.03877234;390.0018969;14.97773749;160;mg/g;P;1.304435871
SC;ZW;W;50;25.34413231;256.1424799;10.10657918;161;mg/g;C;486.6615974
SC;ZW;W;50;25.34413231;256.1424799;10.10657918;161;mg/g;N;19.20214081
SC;ZW;W;50;25.34413231;256.1424799;10.10657918;161;mg/g;P;1.899964417
SC;ZW;W;50;27.04192621;149.81963;5.540272126;162;mg/g;C;482.3938933
SC;ZW;W;50;27.04192621;149.81963;5.540272126;162;mg/g;N;17.83874009
SC;ZW;W;50;27.04192621;149.81963;5.540272126;162;mg/g;P;3.219831028
SH;K;S;900;21.8932056;129.992842;5.937588328;163;mg/g;C;440.2333177
SH;K;S;900;21.8932056;129.992842;5.937588328;163;mg/g;N;20.10821648
SH;K;S;900;21.8932056;129.992842;5.937588328;163;mg/g;P;3.386596606
SH;K;S;900;16.69005342;267.2884291;16.01483365;164;mg/g;C;431.1545162
SH;K;S;900;16.69005342;267.2884291;16.01483365;164;mg/g;N;25.83302195
SH;K;S;900;16.69005342;267.2884291;16.01483365;164;mg/g;P;1.613068391
SH;K;S;900;17.80730397;236.533618;13.28295504;165;mg/g;C;447.4765669
SH;K;S;900;17.80730397;236.533618;13.28295504;165;mg/g;N;25.12882173
SH;K;S;900;17.80730397;236.533618;13.28295504;165;mg/g;P;1.89180959
SH;K;S;900;20.37951218;107.0035625;5.250545821;166;mg/g;C;449.1421778
SH;K;S;900;20.37951218;107.0035625;5.250545821;166;mg/g;N;22.03890721
SH;K;S;900;20.37951218;107.0035625;5.250545821;166;mg/g;P;4.197450695
SH;K;S;900;20.62775456;190.9354371;9.256239525;167;mg/g;C;423.2372044
SH;K;S;900;20.62775456;190.9354371;9.256239525;167;mg/g;N;20.51785148
SH;K;S;900;20.62775456;190.9354371;9.256239525;167;mg/g;P;2.216650879
SH;K;W;900;44.06418603;376.0267567;8.533614042;168;mg/g;C;476.8937672
SH;K;W;900;44.06418603;376.0267567;8.533614042;168;mg/g;N;10.82270683
SH;K;W;900;44.06418603;376.0267567;8.533614042;168;mg/g;P;1.268244237
SH;K;W;900;48.15932165;152.0518604;3.157267486;169;mg/g;C;481.2001715
SH;K;W;900;48.15932165;152.0518604;3.157267486;169;mg/g;N;9.991838653
SH;K;W;900;48.15932165;152.0518604;3.157267486;169;mg/g;P;3.164710845
SH;K;W;900;46.31552039;406.1761215;8.769762665;170;mg/g;C;473.0136683
SH;K;W;900;46.31552039;406.1761215;8.769762665;170;mg/g;N;10.21285445
SH;K;W;900;46.31552039;406.1761215;8.769762665;170;mg/g;P;1.164553117
SH;K;W;900;45.74554651;347.2241681;7.590338176;171;mg/g;C;478.8700753
SH;K;W;900;45.74554651;347.2241681;7.590338176;171;mg/g;N;10.46812448
SH;K;W;900;45.74554651;347.2241681;7.590338176;171;mg/g;P;1.379138088
SH;K;W;900;47.17637777;361.3049409;7.658598603;172;mg/g;C;494.5719587
SH;K;W;900;47.17637777;361.3049409;7.658598603;172;mg/g;N;10.48346613
SH;K;W;900;47.17637777;361.3049409;7.658598603;172;mg/g;P;1.368849143
SH;K;W;900;47.22308759;258.9221714;5.48295727;173;mg/g;C;466.983081
SH;K;W;900;47.22308759;258.9221714;5.48295727;173;mg/g;N;9.888872262
SH;K;W;900;47.22308759;258.9221714;5.48295727;173;mg/g;P;1.803565444
SH;K;W;900;40.87385642;318.4708146;7.791552902;174;mg/g;C;490.4804803
SH;K;W;900;40.87385642;318.4708146;7.791552902;174;mg/g;N;11.99985818
SH;K;W;900;40.87385642;318.4708146;7.791552902;174;mg/g;P;1.540111237
SP;K;S;250;28.9915681;91.47359871;3.155179409;175;mg/g;C;469.2886228
SP;K;S;250;28.9915681;91.47359871;3.155179409;175;mg/g;N;16.18707278
SP;K;S;250;28.9915681;91.47359871;3.155179409;175;mg/g;P;5.130317703
SP;K;S;250;34.55231352;95.93091266;2.776396221;176;mg/g;C;472.7040013
SP;K;S;250;34.55231352;95.93091266;2.776396221;176;mg/g;N;13.68082057
SP;K;S;250;34.55231352;95.93091266;2.776396221;176;mg/g;P;4.927546171
SP;K;S;250;32.06965162;119.1754209;3.716143298;177;mg/g;C;481.3121446
SP;K;S;250;32.06965162;119.1754209;3.716143298;177;mg/g;N;15.00833718
SP;K;S;250;32.06965162;119.1754209;3.716143298;177;mg/g;P;4.03868634
SP;K;S;250;27.8989651;78.52681936;2.814685745;178;mg/g;C;496.5562565
SP;K;S;250;27.8989651;78.52681936;2.814685745;178;mg/g;N;17.79837549
SP;K;S;250;27.8989651;78.52681936;2.814685745;178;mg/g;P;6.323397033
SP;K;S;250;28.68673359;112.6290601;3.926172344;179;mg/g;C;501.7776276
SP;K;S;250;28.68673359;112.6290601;3.926172344;179;mg/g;N;17.49162644
SP;K;S;250;28.68673359;112.6290601;3.926172344;179;mg/g;P;4.455134646
SP;K;W;250;54.97199638;463.1455229;8.425117395;180;mg/g;C;477.9130986
SP;K;W;250;54.97199638;463.1455229;8.425117395;180;mg/g;N;8.693755549
SP;K;W;250;54.97199638;463.1455229;8.425117395;180;mg/g;P;1.03188539
SP;K;W;250;57.13208136;79.35498827;1.388974222;181;mg/g;C;137.90155
SP;K;W;250;57.13208136;79.35498827;1.388974222;181;mg/g;N;2.413732297
SP;K;W;250;57.13208136;79.35498827;1.388974222;181;mg/g;P;1.737780485
SP;K;W;250;54.26803883;348.2542599;6.417299528;182;mg/g;C;489.6699501
SP;K;W;250;54.26803883;348.2542599;6.417299528;182;mg/g;N;9.023173875
SP;K;W;250;54.26803883;348.2542599;6.417299528;182;mg/g;P;1.406070238
SP;K;W;250;59.59975294;409.2446055;6.86654869;183;mg/g;C;486.3853581
SP;K;W;250;59.59975294;409.2446055;6.86654869;183;mg/g;N;8.160861985
SP;K;W;250;59.59975294;409.2446055;6.86654869;183;mg/g;P;1.188495466
SP;K;W;250;37.79145143;343.1301906;9.079571638;184;mg/g;C;490.5698956
SP;K;W;250;37.79145143;343.1301906;9.079571638;184;mg/g;N;12.98097525
SP;K;W;250;37.79145143;343.1301906;9.079571638;184;mg/g;P;1.429690272
SP;K;W;250;60.85697702;376.7037667;6.189984865;185;mg/g;C;496.7759523
SP;K;W;250;60.85697702;376.7037667;6.189984865;185;mg/g;N;8.163007375
SP;K;W;250;60.85697702;376.7037667;6.189984865;185;mg/g;P;1.318744319
SP;K;W;250;53.8499566;388.8675427;7.221315805;186;mg/g;C;501.2105634
SP;K;W;250;53.8499566;388.8675427;7.221315805;186;mg/g;N;9.307538856
SP;K;W;250;53.8499566;388.8675427;7.221315805;186;mg/g;P;1.288897911
