﻿<?xml version="1.0" encoding="UTF-8"?><bgc:metaProfile xmlns:xsi="http://www.w3.org/2001/XMLSchema-instance" xmlns="http://www.bgc-jena.mpg.de" xmlns:bgc="http://www.bgc-jena.mpg.de" xsi:schemaLocation="http://www.bgc-jena.mpg.de schema.xsd"><bgc:general bgc:source="mixed"><bgc:id bgc:source="intern">21466</bgc:id><bgc:versionID bgc:source="intern">1.1.18</bgc:versionID><bgc:title>Nutrient analyses of dung (carbon/nitrogen ratio, water, cholesterol/sterol, amino acids, fatty acids) - Dungwebs</bgc:title><bgc:owners><bgc:owner number="1">Nico Blüthgen</bgc:owner><bgc:owner number="2">Kevin Frank</bgc:owner></bgc:owners><bgc:projectName>DUNGWEBS</bgc:projectName><bgc:datasetManager><bgc:datasetManagerName disabled="disabled">Nico Blüthgen</bgc:datasetManagerName><bgc:institute disabled="disabled">Technical University of Darmstadt</bgc:institute><bgc:email disabled="disabled">bluethgen@bio.tu-darmstadt.de</bgc:email></bgc:datasetManager></bgc:general><bgc:researchObjects><bgc:approxNumberOfPlots><bgc:noOfGP>0</bgc:noOfGP><bgc:noOfEP>0</bgc:noOfEP><bgc:noOfMIP>0</bgc:noOfMIP><bgc:noOfVIP>0</bgc:noOfVIP></bgc:approxNumberOfPlots><bgc:habitats><bgc:grassland>no</bgc:grassland><bgc:forest>no</bgc:forest></bgc:habitats><bgc:experimentalManipulation>no</bgc:experimentalManipulation><bgc:relativePositionToGround><bgc:aboveGround>no</bgc:aboveGround><bgc:belowGround>no</bgc:belowGround></bgc:relativePositionToGround><bgc:repeatedMeasurement><bgc:timeBasedRepetition><bgc:numberOfRepetitions>0</bgc:numberOfRepetitions></bgc:timeBasedRepetition><bgc:plotBasedRepetition><bgc:numberOfSubPlots>0</bgc:numberOfSubPlots></bgc:plotBasedRepetition></bgc:repeatedMeasurement><bgc:taxa><bgc:taxon number="1">Animals - Vertebrates</bgc:taxon></bgc:taxa><bgc:processesAndServices><bgc:processOrService number="1">None</bgc:processOrService></bgc:processesAndServices><bgc:environmentalDescriptors><bgc:environmentalDescriptor number="1">None</bgc:environmentalDescriptor></bgc:environmentalDescriptors><bgc:bioticDataTypes><bgc:bioticDataType number="1">Chemical</bgc:bioticDataType></bgc:bioticDataTypes></bgc:researchObjects><bgc:methodology blockPublic="yes"><bgc:introduction input="textarea">A comparative approach analysing the nutrients, dung type preferences and nutrient-preference-relationships in a broad variety of dung types from different species has not been conducted so far.</bgc:introduction><bgc:measurements><bgc:theory input="textarea">-</bgc:theory><bgc:type input="textarea">We analysed C/N ratios, amino and fatty acids, sterol and water contents of dung from 23 vertebrate species (7 carnivores, 6 omnivores and 10 herbivores) using gas-chromatography (GC), gas chromatography/mass spectrometry (GC/MS) and ion-exchange chromatography (IEC).</bgc:type></bgc:measurements><bgc:equipment><bgc:instruments input="textarea">Shimadzu GC/MS QP 2010 Ultra; Biochrom 20+, Amino Acid Analyzer; EA 1108 Elemental Analyser (C/N)</bgc:instruments><bgc:calibration input="textarea">-</bgc:calibration><bgc:procedures input="textarea">Water content and dry weigh:
Water content of each dung was determined with a microbalance (Mettler
Toledo, XS3DU, Columbus OH, USA; readability 0.1 μg and 1 μg repeatability) two times with three replicates
(20 mg, 50 mg and 100 mg) per dung; (a) the initial fresh mass of the dung prior to drying and (b) its dry mass
after the dung has been dried until weight constancy in an oven at 60 °C for at least 4 days. For the determination
of the dry weight of the bird faeces (raven and snowy owl), which were partly absorbed in sand, the actual dry
organic matter was determined by fully annealing the dung samples with a Bunsen burner and back-weighing
of the ignition residues.

Amino acid analysis:
For analysis of the amino acids (free amino acids and protein-bounded), 5 mg
(±0.1 mg) dried dung was diluted in 200 μL of hydrochloric acid (6 mol/l) and boiled for four hours at 100 °C,
processed (for detailed procedure see Supplementary Method S1) and finally measured (as described in32) with an
ion exchange chromatograph with ninhydrin post-column derivatization (Biochrom 20+, Amino Acid Analyzer,
Cambridge, UK). A standard amino acid mixture (Laborservice Onken GmbH, Gründau, Germany) was used as external standard. Note that this acidic chemical extraction decays asparagine, glutamine and tryptophan.

C/N analysis:
Dried dung samples were mixed with hydrochloric acid (HCl; approx. 0.05 mol/l) to remove the
inorganic carbonate as CO2. Samples were subsequently dried again and weighed into tin capsules (6 ± 1 mg dry
weight). Total organic carbon and nitrogen contents were measured by an elemental analyser (EA 1108 Elemental
Analyser, Carlo Erba, Milan, Italy). Acetanilide (Merck, Darmstadt, Germany) was used for internal calibration.

Lipid and sterol analyses:
Total neutral lipids (hereafter, neutral lipid fatty acids = NLFAs) were extracted
from the fresh dung samples (40–50 mg of fresh weight) using 1 ml of a chloroform:methanol-mixture, 2:1
(V/V) over a period of 24 h. After the samples had been fractionated by column chromatography, they were finally measured
with a QP2010 Ultra GC/MS (Shimadzu, Duisburg, Germany). 
Sterols were quantified based on the peak area of detected compounds relative to the constant amount of the
internal standard (220 ng/μl nonadecanoic acid) expressed in [%] of this standard, because we did not determine
the response factor of the sterols to the internal standard.


Please see for more detailed information 
Frank K., Brückner A., Hilpert A., Heethoff M. and Blüthgen N. (2017) Nutrient quality of vertebrate dung as a diet for dung beetles. Scientific Reports 7:12141

and also:
fatty acids: Folch et al. 1957; Frostegard et al. 1991; Tserng and Griffin 2003; 
amino acids: Leonhardt and Blüthgen 2012; 
C/N: Haubert et al. 2004 </bgc:procedures></bgc:equipment></bgc:methodology><bgc:description><bgc:acronyms><bgc:acronymPair number="1"><bgc:acronym number="1" /><bgc:meaning number="1" /></bgc:acronymPair></bgc:acronyms><bgc:keywords><bgc:keyword number="1">dungwebs</bgc:keyword><bgc:keyword number="2">nutrients</bgc:keyword><bgc:keyword number="3">dung beetles</bgc:keyword></bgc:keywords></bgc:description><bgc:time><bgc:when timeType="period" xsi:type="bgc:dateFrame"><bgc:format>dd.MM.yyyy</bgc:format><bgc:startDate>01.04.2016</bgc:startDate><bgc:endDate>01.02.2017</bgc:endDate></bgc:when><bgc:dateEntry bgc:source="intern">2017-04-19</bgc:dateEntry><bgc:dateLastModified bgc:source="intern">2020-01-16</bgc:dateLastModified></bgc:time><bgc:data><bgc:fileType>structuredData</bgc:fileType><bgc:manipulations input="textarea" /><bgc:errors /><bgc:qualityLevel>processed</bgc:qualityLevel><bgc:dataStatus>complete</bgc:dataStatus><bgc:dataStructure><bgc:dataFormat><bgc:missingValues /><bgc:NA>NA</bgc:NA></bgc:dataFormat><bgc:matrix><bgc:columnName /><bgc:rowName /><bgc:contentType /><bgc:matrixUnit /></bgc:matrix><bgc:variables><bgc:variable number="1"><bgc:name number="1">species</bgc:name><bgc:typeOfVariable number="1">string</bgc:typeOfVariable><bgc:units number="1" /><bgc:description number="1">Species</bgc:description><bgc:block number="1">0</bgc:block></bgc:variable><bgc:variable number="2"><bgc:name number="2">feeding_type</bgc:name><bgc:typeOfVariable number="2">string</bgc:typeOfVariable><bgc:units number="2">C,O,H</bgc:units><bgc:description number="2">C=Carnivore, O=Omnivore, H=Herbivore</bgc:description><bgc:block number="2">0</bgc:block></bgc:variable><bgc:variable number="3"><bgc:name number="3">C_N_ratio</bgc:name><bgc:typeOfVariable number="3">realNumber</bgc:typeOfVariable><bgc:units number="3">ratio</bgc:units><bgc:description number="3">ratio of C and N</bgc:description><bgc:block number="3">0</bgc:block></bgc:variable><bgc:variable number="4"><bgc:name number="4">amino_acids_sum</bgc:name><bgc:typeOfVariable number="4">realNumber</bgc:typeOfVariable><bgc:units number="4">µg/mg</bgc:units><bgc:description number="4">sum of all measured amino acids</bgc:description><bgc:block number="4">0</bgc:block></bgc:variable><bgc:variable number="5"><bgc:name number="5">neutral_lipid_fatty_acids</bgc:name><bgc:typeOfVariable number="5">realNumber</bgc:typeOfVariable><bgc:units number="5">µg/mg</bgc:units><bgc:description number="5">amount of neutral lipid fatty acids</bgc:description><bgc:block number="5">0</bgc:block></bgc:variable><bgc:variable number="6"><bgc:name number="6">free_fatty_acids</bgc:name><bgc:typeOfVariable number="6">realNumber</bgc:typeOfVariable><bgc:units number="6">µg/mg</bgc:units><bgc:description number="6">amount of free fatty acids</bgc:description><bgc:block number="6">0</bgc:block></bgc:variable><bgc:variable number="7"><bgc:name number="7">free_fatty_acids_and_total_lipid_ratio</bgc:name><bgc:typeOfVariable number="7">realNumber</bgc:typeOfVariable><bgc:units number="7">ratio</bgc:units><bgc:description number="7">ratio of free fatty acids and total lipids</bgc:description><bgc:block number="7">0</bgc:block></bgc:variable><bgc:variable number="8"><bgc:name number="8">water_content</bgc:name><bgc:typeOfVariable number="8">realNumber</bgc:typeOfVariable><bgc:units number="8">%</bgc:units><bgc:description number="8">percentage of water in dung sample</bgc:description><bgc:block number="8">0</bgc:block></bgc:variable><bgc:variable number="9"><bgc:name number="9">sterols</bgc:name><bgc:typeOfVariable number="9">realNumber</bgc:typeOfVariable><bgc:units number="9">% standard/mg</bgc:units><bgc:description number="9">percent standard per mg</bgc:description><bgc:block number="9">0</bgc:block></bgc:variable><bgc:variable number="10"><bgc:name number="10">cholesterol_sterol_ratio</bgc:name><bgc:typeOfVariable number="10">realNumber</bgc:typeOfVariable><bgc:units number="10">ratio</bgc:units><bgc:description number="10">ratio of cholesterol and sterol </bgc:description><bgc:block number="10">0</bgc:block></bgc:variable><bgc:variable number="11"><bgc:name number="11">OH_Pro</bgc:name><bgc:typeOfVariable number="11">realNumber</bgc:typeOfVariable><bgc:units number="11">%</bgc:units><bgc:description number="11">percentage of measured amino acid</bgc:description><bgc:block number="11">0</bgc:block></bgc:variable><bgc:variable number="12"><bgc:name number="12">Thr</bgc:name><bgc:typeOfVariable number="12">realNumber</bgc:typeOfVariable><bgc:units number="12">%</bgc:units><bgc:description number="12">percentage of measured amino acid</bgc:description><bgc:block number="12">0</bgc:block></bgc:variable><bgc:variable number="13"><bgc:name number="13">Ser</bgc:name><bgc:typeOfVariable number="13">realNumber</bgc:typeOfVariable><bgc:units number="13">%</bgc:units><bgc:description number="13">percentage of measured amino acid</bgc:description><bgc:block number="13">0</bgc:block></bgc:variable><bgc:variable number="14"><bgc:name number="14">Glu</bgc:name><bgc:typeOfVariable number="14">realNumber</bgc:typeOfVariable><bgc:units number="14">%</bgc:units><bgc:description number="14">percentage of measured amino acid</bgc:description><bgc:block number="14">0</bgc:block></bgc:variable><bgc:variable number="15"><bgc:name number="15">Pro</bgc:name><bgc:typeOfVariable number="15">realNumber</bgc:typeOfVariable><bgc:units number="15">%</bgc:units><bgc:description number="15">percentage of measured amino acid</bgc:description><bgc:block number="15">0</bgc:block></bgc:variable><bgc:variable number="16"><bgc:name number="16">Gly</bgc:name><bgc:typeOfVariable number="16">realNumber</bgc:typeOfVariable><bgc:units number="16">%</bgc:units><bgc:description number="16">percentage of measured amino acid</bgc:description><bgc:block number="16">0</bgc:block></bgc:variable><bgc:variable number="17"><bgc:name number="17">Ala</bgc:name><bgc:typeOfVariable number="17">realNumber</bgc:typeOfVariable><bgc:units number="17">%</bgc:units><bgc:description number="17">percentage of measured amino acid</bgc:description><bgc:block number="17">0</bgc:block></bgc:variable><bgc:variable number="18"><bgc:name number="18">Val</bgc:name><bgc:typeOfVariable number="18">realNumber</bgc:typeOfVariable><bgc:units number="18">%</bgc:units><bgc:description number="18">percentage of measured amino acid</bgc:description><bgc:block number="18">0</bgc:block></bgc:variable><bgc:variable number="19"><bgc:name number="19">Cys</bgc:name><bgc:typeOfVariable number="19">realNumber</bgc:typeOfVariable><bgc:units number="19">%</bgc:units><bgc:description number="19">percentage of measured amino acid</bgc:description><bgc:block number="19">0</bgc:block></bgc:variable><bgc:variable number="20"><bgc:name number="20">Met</bgc:name><bgc:typeOfVariable number="20">realNumber</bgc:typeOfVariable><bgc:units number="20">%</bgc:units><bgc:description number="20">percentage of measured amino acid</bgc:description><bgc:block number="20">0</bgc:block></bgc:variable><bgc:variable number="21"><bgc:name number="21">Ile</bgc:name><bgc:typeOfVariable number="21">realNumber</bgc:typeOfVariable><bgc:units number="21">%</bgc:units><bgc:description number="21">percentage of measured amino acid</bgc:description><bgc:block number="21">0</bgc:block></bgc:variable><bgc:variable number="22"><bgc:name number="22">Leu</bgc:name><bgc:typeOfVariable number="22">realNumber</bgc:typeOfVariable><bgc:units number="22">%</bgc:units><bgc:description number="22">percentage of measured amino acid</bgc:description><bgc:block number="22">0</bgc:block></bgc:variable><bgc:variable number="23"><bgc:name number="23">Tyr</bgc:name><bgc:typeOfVariable number="23">realNumber</bgc:typeOfVariable><bgc:units number="23">%</bgc:units><bgc:description number="23">percentage of measured amino acid</bgc:description><bgc:block number="23">0</bgc:block></bgc:variable><bgc:variable number="24"><bgc:name number="24">Phe</bgc:name><bgc:typeOfVariable number="24">realNumber</bgc:typeOfVariable><bgc:units number="24">%</bgc:units><bgc:description number="24">percentage of measured amino acid</bgc:description><bgc:block number="24">0</bgc:block></bgc:variable><bgc:variable number="25"><bgc:name number="25">Lys</bgc:name><bgc:typeOfVariable number="25">realNumber</bgc:typeOfVariable><bgc:units number="25">%</bgc:units><bgc:description number="25">percentage of measured amino acid</bgc:description><bgc:block number="25">0</bgc:block></bgc:variable><bgc:variable number="26"><bgc:name number="26">His</bgc:name><bgc:typeOfVariable number="26">realNumber</bgc:typeOfVariable><bgc:units number="26">%</bgc:units><bgc:description number="26">percentage of measured amino acid</bgc:description><bgc:block number="26">0</bgc:block></bgc:variable><bgc:variable number="27"><bgc:name number="27">Arg</bgc:name><bgc:typeOfVariable number="27">realNumber</bgc:typeOfVariable><bgc:units number="27">%</bgc:units><bgc:description number="27">percentage of measured amino acid</bgc:description><bgc:block number="27">0</bgc:block></bgc:variable><bgc:variable number="28"><bgc:name number="28">C10</bgc:name><bgc:typeOfVariable number="28">realNumber</bgc:typeOfVariable><bgc:units number="28">%</bgc:units><bgc:description number="28">percentage of measured fatty acid</bgc:description><bgc:block number="28">0</bgc:block></bgc:variable><bgc:variable number="29"><bgc:name number="29">C12</bgc:name><bgc:typeOfVariable number="29">realNumber</bgc:typeOfVariable><bgc:units number="29">%</bgc:units><bgc:description number="29">percentage of measured fatty acid</bgc:description><bgc:block number="29">0</bgc:block></bgc:variable><bgc:variable number="30"><bgc:name number="30">C14</bgc:name><bgc:typeOfVariable number="30">realNumber</bgc:typeOfVariable><bgc:units number="30">%</bgc:units><bgc:description number="30">percentage of measured fatty acid</bgc:description><bgc:block number="30">0</bgc:block></bgc:variable><bgc:variable number="31"><bgc:name number="31">C15</bgc:name><bgc:typeOfVariable number="31">realNumber</bgc:typeOfVariable><bgc:units number="31">%</bgc:units><bgc:description number="31">percentage of measured fatty acid</bgc:description><bgc:block number="31">0</bgc:block></bgc:variable><bgc:variable number="32"><bgc:name number="32">C16</bgc:name><bgc:typeOfVariable number="32">realNumber</bgc:typeOfVariable><bgc:units number="32">%</bgc:units><bgc:description number="32">percentage of measured fatty acid</bgc:description><bgc:block number="32">0</bgc:block></bgc:variable><bgc:variable number="33"><bgc:name number="33">C17</bgc:name><bgc:typeOfVariable number="33">realNumber</bgc:typeOfVariable><bgc:units number="33">%</bgc:units><bgc:description number="33">percentage of measured fatty acid</bgc:description><bgc:block number="33">0</bgc:block></bgc:variable><bgc:variable number="34"><bgc:name number="34">C18</bgc:name><bgc:typeOfVariable number="34">realNumber</bgc:typeOfVariable><bgc:units number="34">%</bgc:units><bgc:description number="34">percentage of measured fatty acid</bgc:description><bgc:block number="34">0</bgc:block></bgc:variable><bgc:variable number="35"><bgc:name number="35">C20</bgc:name><bgc:typeOfVariable number="35">realNumber</bgc:typeOfVariable><bgc:units number="35">%</bgc:units><bgc:description number="35">percentage of measured fatty acid</bgc:description><bgc:block number="35">0</bgc:block></bgc:variable><bgc:variable number="36"><bgc:name number="36">C22</bgc:name><bgc:typeOfVariable number="36">realNumber</bgc:typeOfVariable><bgc:units number="36">%</bgc:units><bgc:description number="36">percentage of measured fatty acid</bgc:description><bgc:block number="36">0</bgc:block></bgc:variable><bgc:variable number="37"><bgc:name number="37">C24</bgc:name><bgc:typeOfVariable number="37">realNumber</bgc:typeOfVariable><bgc:units number="37">%</bgc:units><bgc:description number="37">percentage of measured fatty acid</bgc:description><bgc:block number="37">0</bgc:block></bgc:variable><bgc:variable number="38"><bgc:name number="38">C26</bgc:name><bgc:typeOfVariable number="38">realNumber</bgc:typeOfVariable><bgc:units number="38">%</bgc:units><bgc:description number="38">percentage of measured fatty acid</bgc:description><bgc:block number="38">0</bgc:block></bgc:variable><bgc:variable number="39"><bgc:name number="39">C28</bgc:name><bgc:typeOfVariable number="39">realNumber</bgc:typeOfVariable><bgc:units number="39">%</bgc:units><bgc:description number="39">percentage of measured fatty acid</bgc:description><bgc:block number="39">0</bgc:block></bgc:variable><bgc:variable number="40"><bgc:name number="40">C16_1_delta7</bgc:name><bgc:typeOfVariable number="40">realNumber</bgc:typeOfVariable><bgc:units number="40">%</bgc:units><bgc:description number="40">percentage of measured fatty acid</bgc:description><bgc:block number="40">0</bgc:block></bgc:variable><bgc:variable number="41"><bgc:name number="41">C16_1_delta9</bgc:name><bgc:typeOfVariable number="41">realNumber</bgc:typeOfVariable><bgc:units number="41">%</bgc:units><bgc:description number="41">percentage of measured fatty acid</bgc:description><bgc:block number="41">0</bgc:block></bgc:variable><bgc:variable number="42"><bgc:name number="42">C18_1_delta9</bgc:name><bgc:typeOfVariable number="42">realNumber</bgc:typeOfVariable><bgc:units number="42">%</bgc:units><bgc:description number="42">percentage of measured fatty acid</bgc:description><bgc:block number="42">0</bgc:block></bgc:variable><bgc:variable number="43"><bgc:name number="43">C18_1_delta10</bgc:name><bgc:typeOfVariable number="43">realNumber</bgc:typeOfVariable><bgc:units number="43">%</bgc:units><bgc:description number="43">percentage of measured fatty acid</bgc:description><bgc:block number="43">0</bgc:block></bgc:variable><bgc:variable number="44"><bgc:name number="44">C18_1_delta11</bgc:name><bgc:typeOfVariable number="44">realNumber</bgc:typeOfVariable><bgc:units number="44">%</bgc:units><bgc:description number="44">percentage of measured fatty acid</bgc:description><bgc:block number="44">0</bgc:block></bgc:variable><bgc:variable number="45"><bgc:name number="45">C18_2_delta9_12</bgc:name><bgc:typeOfVariable number="45">realNumber</bgc:typeOfVariable><bgc:units number="45">%</bgc:units><bgc:description number="45">percentage of measured fatty acid</bgc:description><bgc:block number="45">0</bgc:block></bgc:variable><bgc:variable number="46"><bgc:name number="46">C18_2</bgc:name><bgc:typeOfVariable number="46">realNumber</bgc:typeOfVariable><bgc:units number="46">%</bgc:units><bgc:description number="46">percentage of measured fatty acid</bgc:description><bgc:block number="46">0</bgc:block></bgc:variable><bgc:variable number="47"><bgc:name number="47">C20_4_delta5_8_11_14</bgc:name><bgc:typeOfVariable number="47">realNumber</bgc:typeOfVariable><bgc:units number="47">%</bgc:units><bgc:description number="47">percentage of measured fatty acid</bgc:description><bgc:block number="47">0</bgc:block></bgc:variable><bgc:variable number="48"><bgc:name number="48">C20_3_delta8_11_14</bgc:name><bgc:typeOfVariable number="48">realNumber</bgc:typeOfVariable><bgc:units number="48">%</bgc:units><bgc:description number="48">percentage of measured fatty acid</bgc:description><bgc:block number="48">0</bgc:block></bgc:variable></bgc:variables></bgc:dataStructure></bgc:data><bgc:references><bgc:database /><bgc:papers><bgc:paper number="1">6182</bgc:paper></bgc:papers><bgc:relatedDatasets><bgc:dataset number="1">21206</bgc:dataset><bgc:dataset number="2">21207</bgc:dataset><bgc:dataset number="3">21466</bgc:dataset></bgc:relatedDatasets><bgc:citation>Blüthgen, Nico; Kevin Frank (2021): Nutrient analyses of dung (carbon/nitrogen ratio, water, cholesterol/sterol, amino acids, fatty acids) - Dungwebs. v1.1.18. Biodiversity Exploratories Information System. Dataset. https://www.bexis.uni-jena.de/PublicData/PublicData.aspx?DatasetId=21466</bgc:citation></bgc:references><bgc:comment /></bgc:metaProfile>